-- Xóa dữ liệu cũ (nếu cần làm lại)
DELETE FROM NHOM_VAITRO;
DELETE FROM VAITRO;
DELETE FROM NHOM;
DELETE FROM TAIKHOAN_NHOM;

-- Chèn danh sách nhóm đầy đủ
INSERT INTO NHOM (MANHOM, TENNHOM, MOTA) VALUES ('ADMIN', N'Quản trị viên', N'Quản lý toàn bộ hệ thống');
INSERT INTO NHOM (MANHOM, TENNHOM, MOTA) VALUES ('GIAM_DOC', N'Giám đốc', N'Xem báo cáo, thống kê doanh thu');
INSERT INTO NHOM (MANHOM, TENNHOM, MOTA) VALUES ('BAC_SI', N'Bác sĩ', N'Khám bệnh, kê đơn');
INSERT INTO NHOM (MANHOM, TENNHOM, MOTA) VALUES ('KY_THUAT', N'Kỹ thuật viên mắt kính', N'Cắt kính, xử lý đơn kính');
INSERT INTO NHOM (MANHOM, TENNHOM, MOTA) VALUES ('THU_NGAN', N'Thu ngân', N'Lập hóa đơn, thu tiền');
INSERT INTO NHOM (MANHOM, TENNHOM, MOTA) VALUES ('LE_TAN', N'Lễ tân', N'Đặt lịch, check-in, CSKH');
INSERT INTO NHOM (MANHOM, TENNHOM, MOTA) VALUES ('THU_KHO', N'Thủ kho', N'Nhập kho, quản lý tồn kho');
INSERT INTO NHOM (MANHOM, TENNHOM, MOTA) VALUES ('KHACH_HANG', N'Khách hàng', N'Tự đặt lịch online');

-- Chèn vai trò (quyền) mở rộng
INSERT INTO VAITRO (MAVAITRO, TENVAITRO, MOTA) VALUES ('VT_XEM_LICH', N'Xem lịch hẹn', NULL);
INSERT INTO VAITRO (MAVAITRO, TENVAITRO, MOTA) VALUES ('VT_TAO_LICH', N'Tạo lịch hẹn', NULL);
INSERT INTO VAITRO (MAVAITRO, TENVAITRO, MOTA) VALUES ('VT_XAC_NHAN_LICH', N'Xác nhận lịch', NULL);
INSERT INTO VAITRO (MAVAITRO, TENVAITRO, MOTA) VALUES ('VT_HUY_LICH', N'Hủy lịch hẹn', NULL);
INSERT INTO VAITRO (MAVAITRO, TENVAITRO, MOTA) VALUES ('VT_CHECK_IN', N'Check-in', NULL);
INSERT INTO VAITRO (MAVAITRO, TENVAITRO, MOTA) VALUES ('VT_KHAM_BENH', N'Khám bệnh', NULL);
INSERT INTO VAITRO (MAVAITRO, TENVAITRO, MOTA) VALUES ('VT_KE_DON', N'Kê đơn', NULL);
INSERT INTO VAITRO (MAVAITRO, TENVAITRO, MOTA) VALUES ('VT_XU_LY_KINH', N'Xử lý kính', N'Cắt kính, lắp kính');
INSERT INTO VAITRO (MAVAITRO, TENVAITRO, MOTA) VALUES ('VT_TAO_HOA_DON', N'Tạo hóa đơn', NULL);
INSERT INTO VAITRO (MAVAITRO, TENVAITRO, MOTA) VALUES ('VT_THANH_TOAN', N'Thanh toán', NULL);
INSERT INTO VAITRO (MAVAITRO, TENVAITRO, MOTA) VALUES ('VT_NHAP_KHO', N'Nhập kho', NULL);
INSERT INTO VAITRO (MAVAITRO, TENVAITRO, MOTA) VALUES ('VT_XEM_BAO_CAO', N'Xem báo cáo', NULL);
INSERT INTO VAITRO (MAVAITRO, TENVAITRO, MOTA) VALUES ('VT_QUAN_LY_NHAN_SU', N'Quản lý nhân sự', NULL);
INSERT INTO VAITRO (MAVAITRO, TENVAITRO, MOTA) VALUES ('VT_XEM_DASHBOARD', N'Xem dashboard', N'Xem tổng quan doanh thu, bệnh nhân');

-- Gán quyền cho từng nhóm
-- ADMIN: tất cả quyền
INSERT INTO NHOM_VAITRO (MANHOM, MAVAITRO) SELECT 'ADMIN', MAVAITRO FROM VAITRO;

-- GIÁM ĐỐC
INSERT INTO NHOM_VAITRO (MANHOM, MAVAITRO) VALUES ('GIAM_DOC', 'VT_XEM_BAO_CAO');
INSERT INTO NHOM_VAITRO (MANHOM, MAVAITRO) VALUES ('GIAM_DOC', 'VT_XEM_DASHBOARD');

-- BÁC SĨ
INSERT INTO NHOM_VAITRO (MANHOM, MAVAITRO) VALUES ('BAC_SI', 'VT_XEM_LICH');
INSERT INTO NHOM_VAITRO (MANHOM, MAVAITRO) VALUES ('BAC_SI', 'VT_KHAM_BENH');
INSERT INTO NHOM_VAITRO (MANHOM, MAVAITRO) VALUES ('BAC_SI', 'VT_KE_DON');

-- KỸ THUẬT VIÊN
INSERT INTO NHOM_VAITRO (MANHOM, MAVAITRO) VALUES ('KY_THUAT', 'VT_XU_LY_KINH');
INSERT INTO NHOM_VAITRO (MANHOM, MAVAITRO) VALUES ('KY_THUAT', 'VT_XEM_LICH');

-- THU NGÂN
INSERT INTO NHOM_VAITRO (MANHOM, MAVAITRO) VALUES ('THU_NGAN', 'VT_TAO_HOA_DON');
INSERT INTO NHOM_VAITRO (MANHOM, MAVAITRO) VALUES ('THU_NGAN', 'VT_THANH_TOAN');
INSERT INTO NHOM_VAITRO (MANHOM, MAVAITRO) VALUES ('THU_NGAN', 'VT_XEM_LICH');

-- LỄ TÂN
INSERT INTO NHOM_VAITRO (MANHOM, MAVAITRO) VALUES ('LE_TAN', 'VT_XEM_LICH');
INSERT INTO NHOM_VAITRO (MANHOM, MAVAITRO) VALUES ('LE_TAN', 'VT_TAO_LICH');
INSERT INTO NHOM_VAITRO (MANHOM, MAVAITRO) VALUES ('LE_TAN', 'VT_XAC_NHAN_LICH');
INSERT INTO NHOM_VAITRO (MANHOM, MAVAITRO) VALUES ('LE_TAN', 'VT_HUY_LICH');
INSERT INTO NHOM_VAITRO (MANHOM, MAVAITRO) VALUES ('LE_TAN', 'VT_CHECK_IN');

-- THỦ KHO
INSERT INTO NHOM_VAITRO (MANHOM, MAVAITRO) VALUES ('THU_KHO', 'VT_NHAP_KHO');
INSERT INTO NHOM_VAITRO (MANHOM, MAVAITRO) VALUES ('THU_KHO', 'VT_XEM_BAO_CAO');

-- KHÁCH HÀNG
INSERT INTO NHOM_VAITRO (MANHOM, MAVAITRO) VALUES ('KHACH_HANG', 'VT_XEM_LICH');
INSERT INTO NHOM_VAITRO (MANHOM, MAVAITRO) VALUES ('KHACH_HANG', 'VT_TAO_LICH');

-- Tạo tài khoản mẫu (nếu chưa có)
INSERT INTO TAI_KHOAN (MATK, USERNAME, PASSWORD, LOAI_TK, TRANGTHAI) VALUES ('TK001', 'admin', '123456', 'INTERNAL', 1);
INSERT INTO TAI_KHOAN (MATK, USERNAME, PASSWORD, LOAI_TK, TRANGTHAI) VALUES ('TK002', 'giamdoc', '123456', 'INTERNAL', 1);
INSERT INTO TAI_KHOAN (MATK, USERNAME, PASSWORD, LOAI_TK, TRANGTHAI) VALUES ('TK003', 'bacsi', '123456', 'INTERNAL', 1);
INSERT INTO TAI_KHOAN (MATK, USERNAME, PASSWORD, LOAI_TK, TRANGTHAI) VALUES ('TK004', 'kythuat', '123456', 'INTERNAL', 1);
INSERT INTO TAI_KHOAN (MATK, USERNAME, PASSWORD, LOAI_TK, TRANGTHAI) VALUES ('TK005', 'thungan', '123456', 'INTERNAL', 1);
INSERT INTO TAI_KHOAN (MATK, USERNAME, PASSWORD, LOAI_TK, TRANGTHAI) VALUES ('TK006', 'letan', '123456', 'INTERNAL', 1);
INSERT INTO TAI_KHOAN (MATK, USERNAME, PASSWORD, LOAI_TK, TRANGTHAI) VALUES ('TK007', 'thukho', '123456', 'INTERNAL', 1);
INSERT INTO TAI_KHOAN (MATK, USERNAME, PASSWORD, LOAI_TK, TRANGTHAI) VALUES ('TK008', 'khach', '123456', 'EXTERNAL', 1);

-- Gán nhóm cho tài khoản
INSERT INTO TAIKHOAN_NHOM (MATK, MANHOM) VALUES ('TK001', 'ADMIN');
INSERT INTO TAIKHOAN_NHOM (MATK, MANHOM) VALUES ('TK002', 'GIAM_DOC');
INSERT INTO TAIKHOAN_NHOM (MATK, MANHOM) VALUES ('TK003', 'BAC_SI');
INSERT INTO TAIKHOAN_NHOM (MATK, MANHOM) VALUES ('TK004', 'KY_THUAT');
INSERT INTO TAIKHOAN_NHOM (MATK, MANHOM) VALUES ('TK005', 'THU_NGAN');
INSERT INTO TAIKHOAN_NHOM (MATK, MANHOM) VALUES ('TK006', 'LE_TAN');
INSERT INTO TAIKHOAN_NHOM (MATK, MANHOM) VALUES ('TK007', 'THU_KHO');
INSERT INTO TAIKHOAN_NHOM (MATK, MANHOM) VALUES ('TK008', 'KHACH_HANG');

COMMIT;